{
    "add":[
        "000000",
        "000000"
    ],
    "sub":[
        "000000",
        "000001"
    ],
    "sra":[
        "000000",
        "000010"
    ],
    "sll":[
        "000000",
        "000011"
    ],
    "srl":[
        "000000",
        "000100"
    ],
    "and":[
        "000000",
        "000101"
    ],
    "not":[
        "000000",
        "000110"
    ],
    "or":[
        "000000",
        "000111"
    ],
    "xor":[
        "000000",
        "001000"
    ],
    "move":[
        "000000",
        "001010"
    ],
    "push":[
        "000000",
        "001011"
    ],
    "pop":[
        "000000",
        "001100"
    ],
    "return":[
        "000000",
        "001101"
    ],
    "addi":[
        "000001"
    ],
    "subi":[
        "000010"
    ],
    "andi":[
        "000011"
    ],
    "ori":[
        "000100"
    ],
    "xori":[
        "000101"
    ],
    "noti":[
        "000110"
    ],
    "slai":[
        "000111"
    ],
    "srli":[
        "001000"
    ],
    "srai":[
        "001001"
    ],
    "br":[
        "001010"
    ],
    "bmi":[
        "001011"
    ],
    "bpl":[
        "001100"
    ],
    "bz":[
        "001101"
    ],
    "ld":[
        "001110"
    ],
    "st":[
        "001111"
    ],
    "ldsp":[
        "010000"
    ],
    "stsp":[
        "010001"
    ],
    "call":[
        "010010"
    ],
    "halt":[
        "111110"
    ],
    "nop":[
        "111111"
    ]

}